achieved,achieved_mrad,angle_per_aperture_mrad_per_um,aperture_diameter_um,branch,constraint_unit,constraint_value,focus_valid,iterations,nominal_target_mrad,numerical_spread,relative_log_error,scaling_valid,solve_seconds,strength_condenser_lens_2_percent,strength_condenser_lens_3_percent,strength_diffraction_lens_percent,strength_intermediate_lens_percent,strength_objective_lens_percent,strength_projector_lens_1_percent,strength_projector_lens_2_percent,table,target,target_mrad,unit,valid,waist_offset_mm
,3.3469965163856124,0.33469965163856125,10.0,,,,True,,3.0,,,True,,60.90870909,21.38966042,,,,,,nanoprobe_aperture_scaling,,,,True,9.01864126697171e-06
,6.278789622273466,0.3139394811136733,20.0,,,,False,,6.0,,,True,,60.90870909,21.38966042,,,,,,nanoprobe_aperture_scaling,,,,False,1.2632830205810838e-05
,9.541116475775942,0.3180372158591981,30.0,,,,True,,9.0,,,True,,60.90870909,21.38966042,,,,,,nanoprobe_aperture_scaling,,,,True,9.668601491824602e-06
,12.76846976977263,0.31921174424431575,40.0,,,,True,,12.0,,,True,,60.90870909,21.38966042,,,,,,nanoprobe_aperture_scaling,,,,True,9.366248077978717e-06
,16.14829181508688,0.3229658363017376,50.0,,,,True,,15.0,,,True,,60.90870909,21.38966042,,,,,,nanoprobe_aperture_scaling,,,,True,8.994131221514436e-06
,18.70280174776808,0.31171336246280135,60.0,,,,True,,18.0,,,True,,60.90870909,21.38966042,,,,,,nanoprobe_aperture_scaling,,,,True,5.669906548919385e-06
,21.835438616754068,0.31193483738220096,70.0,,,,True,,21.0,,,True,,60.90870909,21.38966042,,,,,,nanoprobe_aperture_scaling,,,,True,3.7065474348314314e-06
,24.80356247619149,0.31004453095239365,80.0,,,,True,,24.0,,,True,,60.90870909,21.38966042,,,,,,nanoprobe_aperture_scaling,,,,True,4.3866050382671994e-06
,28.202911529761046,0.31336568366401163,90.0,,,,True,,27.0,,,True,,60.90870909,21.38966042,,,,,,nanoprobe_aperture_scaling,,,,True,2.2896486894822086e-06
,30.37254765969045,0.3037254765969045,100.0,,,,True,,30.0,,,True,,60.90870909,21.38966042,,,,,,nanoprobe_aperture_scaling,,,,True,1.428581916109959e-11
,34.29861594685312,0.31180559951684655,110.0,,,,True,,33.0,,,True,,60.90870909,21.38966042,,,,,,nanoprobe_aperture_scaling,,,,True,-4.105560409896118e-06
,37.096757811380854,0.30913964842817376,120.0,,,,True,,36.0,,,True,,60.90870909,21.38966042,,,,,,nanoprobe_aperture_scaling,,,,True,-6.667300179147978e-06
,39.23504670382849,0.30180805156791146,130.0,,,,True,,39.0,,,True,,60.90870909,21.38966042,,,,,,nanoprobe_aperture_scaling,,,,True,-9.389930767213834e-06
,42.10826672574816,0.300773333755344,140.0,,,,False,,42.0,,,True,,60.90870909,21.38966042,,,,,,nanoprobe_aperture_scaling,,,,False,-1.3254785817817855e-05
,45.241611563259106,0.3016107437550607,150.0,,,,False,,45.0,,,True,,60.90870909,21.38966042,,,,,,nanoprobe_aperture_scaling,,,,False,-1.638812312746996e-05
,47.43637276953109,0.2964773298095693,160.0,,,,False,,48.0,,,True,,60.90870909,21.38966042,,,,,,nanoprobe_aperture_scaling,,,,False,-1.7614774428028623e-05
,50.740302105969214,0.29847236532923066,170.0,,,,False,,51.0,,,True,,60.90870909,21.38966042,,,,,,nanoprobe_aperture_scaling,,,,False,-2.2438765434463938e-05
,53.02386500421415,0.2945770278011897,180.0,,,,False,,54.0,,,True,,60.90870909,21.38966042,,,,,,nanoprobe_aperture_scaling,,,,False,-2.3849525384742877e-05
,56.00418956663497,0.29475889245597353,190.0,,,,False,,57.0,,,True,,60.90870909,21.38966042,,,,,,nanoprobe_aperture_scaling,,,,False,-2.8654952466165837e-05
,60.17236256465753,0.30086181282328767,200.0,,,,False,,60.0,,,True,,60.90870909,21.38966042,,,,,,nanoprobe_aperture_scaling,,,,False,-3.4562621691337386e-05
,2.9999999299102877,,10.0,,,,,15,,0.0,2.336323772869617e-08,,30.17127430000255,65.13607725033765,21.25916375844555,,,,,,nanoprobe_solved_continuation,,3.0,,True,-1.3748815786026014e-12
,6.206203472075918,,20.0,,,,,0,,0.0,0.03378988260871007,,3.9363315000009607,65.13607725033765,21.25916375844555,,,,,,nanoprobe_solved_continuation,,6.0,,True,2.7383004865472603e-06
,11.722998099114731,,40.0,,,,,0,,0.0,0.023354087848392126,,3.8808284000042477,65.13607725033765,21.25916375844555,,,,,,nanoprobe_solved_continuation,,12.0,,True,1.6707068715988165e-06
,18.390126582117727,,60.0,,,,,0,,0.0,0.021442163900167555,,3.8419352999990224,65.13607725033765,21.25916375844555,,,,,,nanoprobe_solved_continuation,,18.0,,True,-3.109126757385057e-06
,24.614076249551665,,80.0,,,,,0,,0.0,0.02526465420968936,,3.8843382999984897,65.13607725033765,21.25916375844555,,,,,,nanoprobe_solved_continuation,,24.0,,True,-4.1348981036162245e-06
,30.58157961631757,,100.0,,,,,24,,0.0,0.01920047271453817,,29.745260000003327,64.91085380775604,21.266047034889244,,,,,,nanoprobe_solved_continuation,,30.0,,True,-9.071165120642104e-13
,35.336801144258494,,120.0,,,,,0,,0.0,0.018593992235894502,,3.82523869999568,64.91085380775604,21.266047034889244,,,,,,nanoprobe_solved_continuation,,36.0,,True,-3.6054144071142517e-06
,40.29238618918265,,140.0,,,,,0,,0.0,0.041507095488054764,,3.9453343999994104,64.91085380775604,21.266047034889244,,,,,,nanoprobe_solved_continuation,,42.0,,True,-7.411260190473132e-06
,47.79810766661937,,160.0,,,,,33,,0.0,0.0042149607585768014,,29.090465100001893,63.89329988054725,21.298750512782505,,,,,,nanoprobe_solved_continuation,,48.0,,True,-1.4116143045062307e-12
,52.33638651396406,,180.0,,,,,0,,0.0,0.03129219055468743,,3.8755527999965125,63.89329988054725,21.298750512782505,,,,,,nanoprobe_solved_continuation,,54.0,,True,-5.380344231573102e-06
,59.999976795895044,,200.0,,,,,33,,0.0,3.867351574067986e-07,,29.17807619999803,61.96841353634666,21.35551459009997,,,,,,nanoprobe_solved_continuation,,60.0,,True,-8.891597896335746e-13
10.000000240055199,,,,lm,um,0.004051036171022892,,,,2.521708594688239e-08,2.4005519506068806e-08,,,,,14.01257768,2.98901286561065,0.0,30.97264506,4.32756939,image_magnification,10.0,,x,True,
99.99999818334088,,,,lm,um,4.0422287187770273e-07,,,,1.8166657628505792e-08,1.816659139634032e-08,,,,,13.423630084108808,0.13043570961512,0.00043282365609445983,94.14235148467097,10.762156464164768,image_magnification,100.0,,x,True,
999.9999923797327,,,,lm,um,2.89496646744959e-05,,,,7.61887628308187e-09,7.620267335086378e-09,,,,,17.272292632305287,28.11017373358856,5.063418201089e-05,66.04255765371036,62.538011134163156,image_magnification,1000.0,,x,True,
9999.999644243808,,,,normal,um,6.84477960541599e-08,,,,3.557570834488846e-08,3.557561986110203e-08,,,,,29.117123743024422,6.99908271297041,24.75306561309765,64.47894335554084,31.964194166194847,image_magnification,10000.0,,x,True,
100000.00152099953,,,,normal,um,5.639418022125801e-07,,,,1.5210142360621985e-08,1.5209995147604733e-08,,,,,33.55531594364167,0.12225542814428,24.738733549476926,79.10405198628884,47.98821019307529,image_magnification,100000.0,,x,True,
1000000.013915908,,,,normal,um,6.203419350437117e-06,,,,1.3918245948881173e-08,1.391590788467253e-08,,,,,33.62896274978043,28.64043037317458,24.743813294547095,92.22927965735596,76.20941599186783,image_magnification,1000000.0,,x,True,
0.005000599591091719,,,,camera_length,dimensionless,0.0007537267670516359,,,,2.0141132652033274e-08,0.00011991102872901022,,,,,16.32115954,98.3856483,,48.82683138,24.62908381,tem_diffraction_camera_length,0.005,,m,True,
0.050000001414412486,,,,camera_length,dimensionless,4.563088646871699e-06,,,,2.8264049883694952e-08,2.8288249342545893e-08,,,,,14.64526109578748,0.01586898291823792,,27.179426927557408,14.987915959343525,tem_diffraction_camera_length,0.05,,m,True,
0.09998635115666146,,,,camera_length,dimensionless,7.1662772113978394e-06,,,,4.529751882436614e-08,0.00013649774877929146,,,,,14.4149455,0.00120650723,,34.0234814,9.88514595,tem_diffraction_camera_length,0.1,,m,True,
0.2500002981600551,,,,camera_length,dimensionless,1.0883916515705698e-06,,,,2.0493170255789933e-08,1.1926395091651374e-06,,,,,19.63904162,19.63010251,,0.77162651,46.12967606,tem_diffraction_camera_length,0.25,,m,True,
0.5000038897627509,,,,camera_length,dimensionless,1.0758402051302775e-05,,,,3.3469893157719596e-08,7.779495241442707e-06,,,,,19.4676207,19.9226047,,0.0153893906,65.2384486,tem_diffraction_camera_length,0.5,,m,True,
1.0000218585715703,,,,camera_length,dimensionless,3.229613311366385e-05,,,,2.458807746168778e-08,2.1858332675238048e-05,,,,,13.50512151,5.63031688,,63.99418341,50.20615765,tem_diffraction_camera_length,1.0,,m,True,
2.491624591469462,,,,camera_length,dimensionless,4.8435064011802375e-05,,,,1.971487443918592e-08,0.003355787774862001,,,,,13.48846756,5.68013548,,64.05715196,88.7404624,tem_diffraction_camera_length,2.5,,m,True,
